{"hidden_size": 100, "num_layers": 1, "dropout_prob": 0.30523739350155266, "lr": 0.0016746934277921681, "batch_size": 61, "weight_decay": 1.2483578982657002e-05}