{"num_filters": 190, "kernel_size": 3, "dropout_prob": 0.2831056758291624, "lr": 1.8720088192630286e-05, "batch_size": 91, "weight_decay": 0.000610122074751027}