{"num_filters": 16, "kernel_size": 2, "hidden_size": 89, "dropout_prob": 0.3507772245317353, "lr": 0.0005259790964248504, "batch_size": 112, "weight_decay": 1.799388236123059e-05}