{"num_filters": 155, "kernel_size": 3, "hidden_size": 68, "dropout_prob": 0.21476797138540213, "lr": 0.0009968827665834865, "batch_size": 29, "weight_decay": 9.775065502281744e-06}