{"hidden_size": 86, "num_layers": 1, "dropout_prob": 0.18711572666142373, "lr": 0.0046304906111212085, "batch_size": 177, "weight_decay": 1.5845937703910222e-05}