{"num_filters": 134, "kernel_size": 4, "dropout_prob": 0.3442627105223569, "lr": 0.00021235700283002114, "batch_size": 31, "weight_decay": 2.971820518831948e-06}