{"hidden_size": 18, "num_layers": 1, "dropout_prob": 0.4980863307394898, "lr": 0.0028403845567959067, "batch_size": 18, "weight_decay": 4.536087174376086e-06}