{"num_filters": 56, "kernel_size": 2, "hidden_size": 55, "dropout_prob": 0.26541480963800407, "lr": 0.0028345666374658364, "batch_size": 26, "weight_decay": 5.758474729678477e-05}