{"num_filters": 234, "kernel_size": 3, "dropout_prob": 0.41264458765947937, "lr": 0.002382390642747043, "batch_size": 18, "weight_decay": 8.78975035540553e-05}