{"hidden_size": 245, "num_layers": 3, "dropout_prob": 0.3577691634046952, "lr": 0.0016584318005568564, "batch_size": 70, "weight_decay": 3.0261434093646815e-06}