{"num_filters": 154, "kernel_size": 4, "dropout_prob": 0.1547225093596338, "lr": 0.0008351585521681391, "batch_size": 25, "weight_decay": 7.221695394634383e-06}