{"hidden_size": 254, "num_layers": 1, "dropout_prob": 0.2766523142901826, "lr": 0.0004477735946548857, "batch_size": 129, "weight_decay": 0.0009430723327782256}