{"hidden_size": 252, "num_layers": 1, "dropout_prob": 0.3438529078833621, "lr": 2.8107752905020587e-05, "batch_size": 123, "weight_decay": 1.340209470934055e-05}