{"num_filters": 232, "kernel_size": 2, "dropout_prob": 0.17594719267418127, "lr": 6.93180217400642e-05, "batch_size": 106, "weight_decay": 0.0002127363413836365}