{"num_filters": 36, "kernel_size": 3, "hidden_size": 98, "dropout_prob": 0.2641739107673935, "lr": 0.003893729249774692, "batch_size": 23, "weight_decay": 0.00016691775953728803}