{"hidden_size": 142, "num_layers": 1, "dropout_prob": 0.3284503433321259, "lr": 0.00047845257299104256, "batch_size": 36, "weight_decay": 4.686049354476348e-05}