{"hidden_size": 240, "num_layers": 2, "dropout_prob": 0.31894957895869286, "lr": 0.00016470682448761656, "batch_size": 35, "weight_decay": 3.984811154186465e-06}