{"hidden_size": 65, "num_layers": 1, "dropout_prob": 0.3466737405051832, "lr": 0.00022347074269109897, "batch_size": 17, "weight_decay": 7.714141546788973e-05}