{"hidden_size": 184, "num_layers": 2, "dropout_prob": 0.4924579743013163, "lr": 0.008094197878590989, "batch_size": 51, "weight_decay": 3.268960422719501e-05}