{"num_filters": 44, "kernel_size": 5, "dropout_prob": 0.26989373652023774, "lr": 2.5943842584075694e-05, "batch_size": 24, "weight_decay": 0.00029917437118974185}