{"hidden_size": 129, "num_layers": 1, "dropout_prob": 0.3325639157354804, "lr": 0.007392623468468915, "batch_size": 36, "weight_decay": 2.5413543997218622e-05}