{"num_filters": 20, "kernel_size": 3, "hidden_size": 98, "dropout_prob": 0.25199036346455506, "lr": 0.00027798835088786364, "batch_size": 30, "weight_decay": 8.25060255297444e-05}