{"num_filters": 20, "kernel_size": 2, "hidden_size": 90, "dropout_prob": 0.45847247307980515, "lr": 0.00011437406141886764, "batch_size": 28, "weight_decay": 3.211303998552137e-06}