{"num_filters": 117, "kernel_size": 4, "hidden_size": 30, "dropout_prob": 0.38528346357440285, "lr": 0.0027988709071920903, "batch_size": 40, "weight_decay": 0.0005110259860496377}