{"num_layers": 1, "num_heads": 2, "hidden_size": 50, "dropout_prob": 0.1264010968642183, "lr": 0.00020163473074244847, "batch_size": 197, "weight_decay": 0.00046877441036724527}