{"num_filters": 196, "kernel_size": 2, "dropout_prob": 0.15109334761061766, "lr": 0.0028517730679416416, "batch_size": 37, "weight_decay": 1.0903385241645615e-05}