{"num_filters": 76, "kernel_size": 5, "dropout_prob": 0.168075106503417, "lr": 0.001359858050327462, "batch_size": 101, "weight_decay": 0.0002458895945390062}