{"hidden_size": 67, "num_layers": 2, "dropout_prob": 0.258634360949277, "lr": 0.0009777994226242035, "batch_size": 17, "weight_decay": 1.3803309437973566e-06}