{"num_filters": 133, "kernel_size": 4, "hidden_size": 51, "dropout_prob": 0.22142840662279295, "lr": 0.0005799418022939508, "batch_size": 29, "weight_decay": 6.560236301408586e-06}