{"hidden_size": 246, "num_layers": 1, "dropout_prob": 0.33280114723867577, "lr": 0.00032172693309940985, "batch_size": 16, "weight_decay": 0.00018703565967360884}