{"hidden_size": 196, "num_layers": 1, "dropout_prob": 0.373490271486019, "lr": 0.0013163073125841253, "batch_size": 121, "weight_decay": 1.077280464955678e-05}