{"num_filters": 189, "kernel_size": 5, "hidden_size": 75, "dropout_prob": 0.18618092237144845, "lr": 0.0003813750123527529, "batch_size": 250, "weight_decay": 3.6909840665600797e-06}