{"hidden_size": 200, "num_layers": 1, "dropout_prob": 0.15559592668006295, "lr": 0.00238255808903177, "batch_size": 47, "weight_decay": 2.5127423081054995e-06}