{"hidden_size": 173, "num_layers": 2, "dropout_prob": 0.45834572276504765, "lr": 0.00047414685599059947, "batch_size": 72, "weight_decay": 0.0008458441264601054}