{"hidden_size": 194, "num_layers": 1, "dropout_prob": 0.10757636680043253, "lr": 0.0007112556460519226, "batch_size": 20, "weight_decay": 7.583116542948359e-05}