{"hidden_size": 252, "num_layers": 3, "dropout_prob": 0.1377865374044647, "lr": 0.0007675783699603856, "batch_size": 45, "weight_decay": 2.3010282164591068e-05}